{
	"info": {
		"_postman_id": "716c60c0-9568-4510-b5d3-5dc5a77527a6",
		"name": "Udaconnect-APIs",
		"schema": "https://schema.getpostman.com/json/collection/v2.1.0/collection.json",
		"_exporter_id": "4461056"
	},
	"item": [
		{
			"name": "Person-Service-Get-All",
			"request": {
				"method": "GET",
				"header": [],
				"url": {
					"raw": "http://localhost:30001/api/persons",
					"protocol": "http",
					"host": [
						"localhost"
					],
					"port": "30001",
					"path": [
						"api",
						"persons"
					]
				}
			},
			"response": []
		},
		{
			"name": "Person-Service-Create",
			"request": {
				"method": "POST",
				"header": [],
				"body": {
					"mode": "raw",
					"raw": "{\r\n  \"first_name\": \"Quoc Vuong\",\r\n  \"last_name\": \"Do\",\r\n  \"company_name\": \"FPT Software\"\r\n}",
					"options": {
						"raw": {
							"language": "json"
						}
					}
				},
				"url": {
					"raw": "http://localhost:30001/api/persons",
					"protocol": "http",
					"host": [
						"localhost"
					],
					"port": "30001",
					"path": [
						"api",
						"persons"
					]
				}
			},
			"response": []
		},
		{
			"name": "Person-Service-Get-One",
			"request": {
				"method": "GET",
				"header": [],
				"url": {
					"raw": "http://localhost:30001/api/persons/5",
					"protocol": "http",
					"host": [
						"localhost"
					],
					"port": "30001",
					"path": [
						"api",
						"persons",
						"5"
					]
				}
			},
			"response": []
		},
		{
			"name": "Connection-Service-Get Person Location",
			"request": {
				"method": "GET",
				"header": [],
				"url": {
					"raw": "http://localhost:30002/api/persons/5/connection?start_date=2020-01-01&end_date=2020-12-30&distance=5",
					"protocol": "http",
					"host": [
						"localhost"
					],
					"port": "30002",
					"path": [
						"api",
						"persons",
						"5",
						"connection"
					],
					"query": [
						{
							"key": "start_date",
							"value": "2020-01-01"
						},
						{
							"key": "end_date",
							"value": "2020-12-30"
						},
						{
							"key": "distance",
							"value": "5"
						}
					]
				}
			},
			"response": []
		}
	]
}